-- phpMyAdmin SQL Dump
-- version 5.0.2
-- https://www.phpmyadmin.net/
--
-- Anamakine: localhost
-- Üretim Zamanı: 31 Tem 2020, 18:19:40
-- Sunucu sürümü: 10.4.13-MariaDB
-- PHP Sürümü: 7.4.8

SET SQL_MODE = "NO_AUTO_VALUE_ON_ZERO";
START TRANSACTION;
SET time_zone = "+00:00";


/*!40101 SET @OLD_CHARACTER_SET_CLIENT=@@CHARACTER_SET_CLIENT */;
/*!40101 SET @OLD_CHARACTER_SET_RESULTS=@@CHARACTER_SET_RESULTS */;
/*!40101 SET @OLD_COLLATION_CONNECTION=@@COLLATION_CONNECTION */;
/*!40101 SET NAMES utf8mb4 */;

--
-- Veritabanı: `covidChatBot`
--

-- --------------------------------------------------------

--
-- Tablo için tablo yapısı `covidTableData`
--

CREATE TABLE `covidTableData` (
  `covidID` int(11) NOT NULL,
  `ulkeSira` int(100) NOT NULL,
  `Country` varchar(100) NOT NULL,
  `totalCases` int(100) DEFAULT NULL,
  `newCases` int(100) DEFAULT NULL,
  `totalDeaths` int(100) DEFAULT NULL,
  `newDeaths` int(100) DEFAULT NULL,
  `totalRecovered` int(100) DEFAULT NULL,
  `newRecovered` int(100) DEFAULT NULL,
  `deathRate` double DEFAULT NULL,
  `activeCases` int(100) DEFAULT NULL,
  `seriusCritical` int(100) DEFAULT NULL,
  `totCases1MPOP` int(100) DEFAULT NULL,
  `deaths1MPOP` double DEFAULT NULL,
  `totalTest` int(100) DEFAULT NULL,
  `test1MPOP` int(100) DEFAULT NULL,
  `population` int(100) DEFAULT NULL,
  `updateDate` datetime(6) NOT NULL DEFAULT current_timestamp(6)
) ENGINE=InnoDB DEFAULT CHARSET=utf16;

--
-- Tablo döküm verisi `covidTableData`
--

INSERT INTO `covidTableData` (`covidID`, `ulkeSira`, `Country`, `totalCases`, `newCases`, `totalDeaths`, `newDeaths`, `totalRecovered`, `newRecovered`, `deathRate`, `activeCases`, `seriusCritical`, `totCases1MPOP`, `deaths1MPOP`, `totalTest`, `test1MPOP`, `population`, `updateDate`) VALUES
(1, 1, 'USA', 4656382, 21397, 155752, 467, 2286816, 1851, 3.34, 2213814, 18774, 14061, 470, 57737525, 174349, 331161077, '2020-07-31 18:19:04.000000'),
(2, 2, 'Brazil', 2613789, -1, 91377, -1, 1824095, -1, 3.5, 698317, 8318, 12290, 430, 12601096, 59249, 212681838, '2020-07-31 18:19:04.000000'),
(3, 3, 'India', 1690546, 51196, 36497, 711, 1091018, 31925, 2.16, 563031, 8944, 1224, 26, 18832970, 13636, 1381085714, '2020-07-31 18:19:04.000000'),
(4, 4, 'Russia', 839981, 5482, 13963, 161, 638410, 8755, 1.66, 187608, 2300, 5756, 96, 28161461, 192966, 145939731, '2020-07-31 18:19:04.000000'),
(5, 5, 'South Africa', 482169, -1, 7812, -1, 309601, -1, 1.62, 164756, 539, 8122, 132, 2918049, 49152, 59367266, '2020-07-31 18:19:04.000000'),
(6, 6, 'Mexico', 416179, 7730, 46000, 639, 272187, 5040, 11.05, 97992, 3922, 3225, 356, 968536, 7506, 129040268, '2020-07-31 18:19:04.000000'),
(7, 7, 'Peru', 407492, -1, 19021, -1, 283915, -1, 4.67, 104556, 1421, 12345, 576, 2318254, 70234, 33007532, '2020-07-31 18:19:04.000000'),
(8, 8, 'Chile', 353536, -1, 9377, -1, 326628, -1, 2.65, 17531, 1529, 18481, 490, 1601118, 83699, 19129379, '2020-07-31 18:19:04.000000'),
(9, 9, 'Spain', 335602, 3092, 28445, 2, -1, -1, 8.48, -1, 617, 7178, 608, 6678414, 142835, 46756303, '2020-07-31 18:19:04.000000'),
(10, 10, 'Iran', 304204, 2674, 16766, 197, 263519, 2319, 5.51, 23919, 4021, 3618, 199, 2456909, 29222, 84077062, '2020-07-31 18:19:04.000000'),
(11, 11, 'UK', 303181, 880, 46119, 120, -1, -1, 15.21, -1, 84, 4464, 679, 15738735, 231741, 67915222, '2020-07-31 18:19:04.000000'),
(12, 12, 'Colombia', 286020, -1, 9810, -1, 148695, -1, 3.43, 127515, 1493, 5616, 193, 1537689, 30195, 50925896, '2020-07-31 18:19:04.000000'),
(13, 13, 'Pakistan', 278305, 903, 5951, 27, 247177, 1046, 2.14, 25177, 1146, 1258, 27, 1973237, 8920, 221213683, '2020-07-31 18:19:04.000000'),
(14, 14, 'Saudi Arabia', 275905, 1686, 2866, 24, 235658, 4460, 1.04, 37381, 2033, 7916, 82, 3350541, 96126, 34855542, '2020-07-31 18:19:04.000000'),
(15, 15, 'Italy', 247537, 379, 35141, 9, 199974, 178, 14.2, 12422, 41, 4095, 581, 6820613, 112823, 60454261, '2020-07-31 18:19:04.000000'),
(16, 16, 'Bangladesh', 237661, 2772, 3111, 28, 135136, 2176, 1.31, 99414, 1, 1442, 19, 1176809, 7140, 164820045, '2020-07-31 18:19:04.000000'),
(17, 17, 'Turkey', 229891, -1, 5674, -1, 213539, -1, 2.47, 10678, 1280, 2723, 67, 4754331, 56324, 84410984, '2020-07-31 18:19:04.000000'),
(18, 18, 'Germany', 210112, 459, 9221, -1, 192300, 300, 4.39, 8591, 261, 2507, 110, 8006135, 95532, 83806150, '2020-07-31 18:19:04.000000'),
(19, 19, 'France', 186573, -1, 30254, -1, 81500, -1, 16.22, 74819, 380, 2858, 463, 2982302, 45681, 65285551, '2020-07-31 18:19:04.000000'),
(20, 20, 'Argentina', 185373, -1, 3466, 25, 83780, 3184, 1.87, 98127, 1002, 4099, 77, 707508, 15643, 45228960, '2020-07-31 18:19:04.000000'),
(21, 21, 'Iraq', 124609, 3346, 4741, 70, 87434, 1888, 3.8, 32434, 454, 3093, 118, 1000969, 24845, 40288721, '2020-07-31 18:19:04.000000'),
(22, 22, 'Canada', 115935, 136, 8932, 3, 101030, 168, 7.7, 5973, 2240, 3070, 236, 3996625, 105818, 37768699, '2020-07-31 18:19:04.000000'),
(23, 23, 'Qatar', 110695, 235, 174, 3, 107377, 242, 0.16, 3144, 77, 39424, 62, 495377, 176429, 2807805, '2020-07-31 18:19:04.000000'),
(24, 24, 'Indonesia', 108376, 2040, 5131, 73, 65907, 1615, 4.73, 37338, -1, 396, 19, 1506191, 5502, 273753080, '2020-07-31 18:19:04.000000'),
(25, 25, 'Egypt', 93757, -1, 4774, -1, 38236, -1, 5.09, 50747, 41, 915, 47, 135000, 1317, 102479554, '2020-07-31 18:19:04.000000'),
(26, 26, 'Philippines', 93354, 4063, 2023, 40, 65178, 156, 2.17, 26153, 351, 851, 18, 1497313, 13650, 109694822, '2020-07-31 18:19:04.000000'),
(27, 27, 'Kazakhstan', 89078, 1414, 793, -1, 59517, 1702, 0.89, 28768, 221, 4740, 42, 2079540, 110647, 18794372, '2020-07-31 18:19:04.000000'),
(28, 28, 'Ecuador', 84370, -1, 5657, -1, 35824, -1, 6.7, 42889, 350, 4776, 320, 238224, 13487, 17663697, '2020-07-31 18:19:04.000000'),
(29, 29, 'Sweden', 80422, 45, 5743, 9, -1, -1, 7.14, -1, 40, 7959, 568, 810356, 80198, 10104394, '2020-07-31 18:19:04.000000'),
(30, 30, 'Oman', 79159, -1, 421, -1, 61421, -1, 0.53, 17317, 187, 15473, 82, 305651, 59745, 5115955, '2020-07-31 18:19:04.000000'),
(31, 31, 'Bolivia', 75234, 1700, 2894, 86, 23305, 799, 3.85, 49035, 71, 6438, 248, 161929, 13857, 11685413, '2020-07-31 18:19:04.000000'),
(32, 32, 'Israel', 70582, 546, 509, 9, 43813, 324, 0.72, 26260, 319, 7674, 55, 1651766, 179587, 9197590, '2020-07-31 18:19:04.000000'),
(33, 33, 'Ukraine', 69884, 1090, 1693, 20, 38752, 598, 2.42, 29439, 114, 1599, 39, 1029220, 23546, 43710857, '2020-07-31 18:19:04.000000'),
(34, 34, 'Dominican Republic', 69649, 1734, 1160, 14, 36470, 1168, 1.67, 32019, 284, 6415, 107, 260171, 23964, 10856569, '2020-07-31 18:19:04.000000'),
(35, 35, 'Belgium', 68006, 671, 9840, 4, 17513, 21, 14.47, 40653, 42, 5866, 849, 1644394, 141834, 11593776, '2020-07-31 18:19:04.000000'),
(36, 36, 'Belarus', 67808, 143, 559, 6, 62444, 679, 0.82, 4805, -1, 7176, 59, 1299428, 137519, 9449060, '2020-07-31 18:19:04.000000'),
(37, 37, 'Kuwait', 66957, 428, 447, 2, 57932, 602, 0.67, 8578, 134, 15661, 105, 505088, 118137, 4275450, '2020-07-31 18:19:04.000000'),
(38, 38, 'Panama', 64191, -1, 1397, -1, 38218, -1, 2.18, 24576, 161, 14859, 323, 219942, 50913, 4319982, '2020-07-31 18:19:04.000000'),
(39, 39, 'UAE', 60506, 283, 351, 2, 53909, 283, 0.58, 6246, -1, 6112, 35, 5076384, 512777, 9899794, '2020-07-31 18:19:04.000000'),
(40, 40, 'Netherlands', 54301, 338, 6147, -1, -1, -1, 11.32, -1, 35, 3168, 359, 962965, 56189, 17138032, '2020-07-31 18:19:04.000000'),
(41, 41, 'Singapore', 52205, 396, 27, -1, 46491, 183, 0.05, 5687, -1, 8918, 5, 1321094, 225672, 5854053, '2020-07-31 18:19:04.000000'),
(42, 42, 'Portugal', 51072, 204, 1735, 8, 36483, 343, 3.4, 12854, 41, 5010, 170, 1591873, 156155, 10194159, '2020-07-31 18:19:04.000000'),
(43, 43, 'Romania', 50886, 1295, 2343, 39, 27007, 398, 4.6, 21536, 409, 2647, 122, 1202607, 62550, 19226464, '2020-07-31 18:19:04.000000'),
(44, 44, 'Guatemala', 48826, -1, 1867, -1, 35629, -1, 3.82, 11330, 5, 2722, 104, 148164, 8259, 17940552, '2020-07-31 18:19:04.000000'),
(45, 45, 'Poland', 45688, 657, 1716, 7, 33987, 344, 3.76, 9985, 72, 1207, 45, 2245168, 59328, 37843091, '2020-07-31 18:19:04.000000'),
(46, 46, 'Nigeria', 42689, -1, 878, -1, 19270, -1, 2.06, 22541, 7, 207, 4, 272748, 1321, 206508288, '2020-07-31 18:19:04.000000'),
(47, 47, 'Honduras', 41426, 482, 1312, 53, 5443, 162, 3.17, 34671, 52, 4177, 132, 102882, 10375, 9916688, '2020-07-31 18:19:04.000000'),
(48, 48, 'Bahrain', 40755, -1, 147, 1, 37357, -1, 0.36, 3251, 40, 23896, 86, 826672, 484701, 1705531, '2020-07-31 18:19:04.000000'),
(49, 49, 'Armenia', 38550, 354, 738, 10, 28997, 631, 1.91, 8815, 10, 13007, 249, 163736, 55247, 2963706, '2020-07-31 18:19:04.000000'),
(50, 50, 'Afghanistan', 36675, 133, 1272, 1, 25509, 38, 3.47, 9894, 31, 941, 33, 89066, 2284, 38992638, '2020-07-31 18:19:04.000000'),
(51, 51, 'Kyrgyzstan', 35619, 396, 1372, 8, 24685, 700, 3.85, 9562, 24, 5453, 210, 267718, 40983, 6532418, '2020-07-31 18:19:04.000000'),
(52, 52, 'Switzerland', 35232, 210, 1981, 1, 31100, -1, 5.62, 2151, 27, 4068, 229, 791725, 91426, 8659744, '2020-07-31 18:19:04.000000'),
(53, 53, 'Ghana', 35142, -1, 175, -1, 31286, -1, 0.5, 3681, 8, 1129, 6, 382752, 12299, 31121053, '2020-07-31 18:19:04.000000'),
(54, 54, 'Japan', 33049, -1, 1004, -1, 24179, -1, 3.04, 7866, 90, 261, 8, 785224, 6210, 126443231, '2020-07-31 18:19:04.000000'),
(55, 55, 'Azerbaijan', 31878, 318, 448, 7, 25882, 714, 1.41, 5548, 66, 3142, 44, 724953, 71449, 10146497, '2020-07-31 18:19:04.000000'),
(56, 56, 'Algeria', 29831, -1, 1200, -1, 20082, -1, 4.02, 8549, 62, 679, 27, -1, -1, 43910914, '2020-07-31 18:19:04.000000'),
(57, 57, 'Ireland', 26027, -1, 1763, -1, 23364, -1, 6.77, 900, 4, 5266, 357, 632854, 128052, 4942146, '2020-07-31 18:19:04.000000'),
(58, 58, 'Serbia', 25552, 339, 573, 8, 14047, -1, 2.24, 10932, 162, 2925, 66, 668984, 76592, 8734335, '2020-07-31 18:19:04.000000'),
(59, 59, 'Moldova', 24733, 390, 778, 7, 17269, 229, 3.15, 6686, 362, 6132, 193, 128076, 31756, 4033162, '2020-07-31 18:19:04.000000'),
(60, 60, 'Uzbekistan', 23773, 502, 139, 3, 14204, 524, 0.58, 9430, 138, 709, 4, 1377915, 41124, 33506746, '2020-07-31 18:19:04.000000'),
(61, 61, 'Morocco', 23259, -1, 346, -1, 17311, -1, 1.49, 5602, 31, 630, 9, 1231195, 33325, 36944994, '2020-07-31 18:19:04.000000'),
(62, 62, 'Austria', 21130, 175, 718, -1, 18758, 130, 3.4, 1654, 16, 2345, 80, 890461, 98824, 9010596, '2020-07-31 18:19:04.000000'),
(63, 63, 'Kenya', 20636, 723, 341, 16, 8165, 44, 1.65, 12130, 44, 383, 6, 298438, 5541, 53858455, '2020-07-31 18:19:04.000000'),
(64, 64, 'Nepal', 19771, 224, 56, 4, 14399, 151, 0.28, 5316, -1, 678, 2, 687818, 23574, 29176450, '2020-07-31 18:19:04.000000'),
(65, 65, 'Venezuela', 17859, -1, 158, -1, 10421, -1, 0.88, 7280, 25, 628, 6, 1521688, 53526, 28429034, '2020-07-31 18:19:04.000000'),
(66, 66, 'Ethiopia', 17530, 915, 274, 11, 6950, 187, 1.56, 10306, 138, 152, 2, 422354, 3667, 115169108, '2020-07-31 18:19:04.000000'),
(67, 67, 'Costa Rica', 17290, -1, 140, -1, 4280, -1, 0.81, 12870, 75, 3392, 27, 84815, 16637, 5097841, '2020-07-31 18:19:04.000000'),
(68, 68, 'Cameroon', 17255, -1, 391, -1, 15320, -1, 2.27, 1544, 30, 649, 15, 149000, 5603, 26593511, '2020-07-31 18:19:04.000000'),
(69, 69, 'Australia', 16905, 602, 197, 8, 9982, 224, 1.17, 6726, 45, 662, 8, 4237260, 166016, 25523207, '2020-07-31 18:19:04.000000'),
(70, 70, 'El Salvador', 16632, 402, 448, 9, 8362, 156, 2.69, 7822, 485, 2563, 69, 238917, 36819, 6488889, '2020-07-31 18:19:04.000000'),
(71, 71, 'Czechia', 16474, 103, 382, 3, 11559, 77, 2.32, 4533, 22, 1538, 36, 690799, 64497, 10710641, '2020-07-31 18:19:04.000000'),
(72, 72, 'Ivory Coast', 15978, -1, 100, -1, 11160, -1, 0.63, 4718, -1, 605, 4, 99734, 3774, 26425419, '2020-07-31 18:19:04.000000'),
(73, 73, 'S. Korea', 14305, 36, 301, 1, 13183, 51, 2.1, 821, 13, 279, 6, 1563796, 30499, 51272891, '2020-07-31 18:19:04.000000'),
(74, 74, 'Denmark', 13789, 64, 615, -1, 12578, 52, 4.46, 596, 3, 2380, 106, 1532427, 264490, 5793890, '2020-07-31 18:19:04.000000'),
(75, 75, 'Bosnia and Herzegovina', 11876, 432, 339, 11, 5959, 373, 2.85, 5578, -1, 3622, 103, 139343, 42495, 3279038, '2020-07-31 18:19:04.000000'),
(76, 76, 'Palestine', 11837, 289, 82, 1, 5077, 61, 0.69, 6678, -1, 2316, 16, 155355, 30402, 5110066, '2020-07-31 18:19:04.000000'),
(77, 77, 'Sudan', 11496, -1, 725, -1, 6001, -1, 6.31, 4770, -1, 262, 17, 401, 9, 43923903, '2020-07-31 18:19:04.000000'),
(78, 78, 'Bulgaria', 11420, -1, 374, -1, 6173, -1, 3.27, 4873, 34, 1645, 54, 261463, 37654, 6943849, '2020-07-31 18:19:04.000000'),
(79, 79, 'Madagascar', 10868, 120, 106, 1, 7807, 346, 0.98, 2955, 83, 392, 4, 40769, 1470, 27742048, '2020-07-31 18:19:04.000000'),
(80, 80, 'North Macedonia', 10754, 137, 486, 6, 6554, 534, 4.52, 3714, 3, 5162, 233, 102317, 49111, 2083367, '2020-07-31 18:19:04.000000'),
(81, 81, 'Senegal', 10232, 126, 205, 1, 6776, 51, 2, 3251, 48, 610, 12, 107814, 6427, 16775409, '2020-07-31 18:19:04.000000'),
(82, 82, 'Norway', 9217, 9, 255, -1, 8752, -1, 2.77, 210, 1, 1699, 47, 445946, 82207, 5424661, '2020-07-31 18:19:04.000000'),
(83, 83, 'DRC', 9070, 60, 215, -1, 6796, 359, 2.37, 2059, -1, 101, 2, -1, -1, 89749872, '2020-07-31 18:19:04.000000'),
(84, 84, 'Malaysia', 8976, 12, 125, 1, 8644, 27, 1.39, 207, 3, 277, 4, 970644, 29960, 32398441, '2020-07-31 18:19:04.000000'),
(85, 85, 'French Guiana', 7728, -1, 43, -1, 6270, -1, 0.56, 1415, 30, 25826, 144, 38199, 127655, 299236, '2020-07-31 18:19:04.000000'),
(86, 86, 'Finland', 7432, 9, 329, -1, 6950, -1, 4.43, 153, -1, 1341, 59, 359461, 64868, 5541440, '2020-07-31 18:19:04.000000'),
(87, 87, 'Haiti', 7412, 34, 161, 2, 4467, -1, 2.17, 2784, -1, 649, 14, 17771, 1557, 11413445, '2020-07-31 18:19:04.000000'),
(88, 88, 'Tajikistan', 7409, 43, 60, -1, 6193, 42, 0.81, 1156, -1, 776, 6, -1, -1, 9553361, '2020-07-31 18:19:04.000000'),
(89, 89, 'Gabon', 7352, -1, 49, -1, 4943, -1, 0.67, 2360, 11, 3298, 22, 75222, 33739, 2229556, '2020-07-31 18:19:04.000000'),
(90, 90, 'Guinea', 7242, -1, 46, -1, 6438, -1, 0.64, 758, 24, 550, 3, 14407, 1095, 13158067, '2020-07-31 18:19:04.000000'),
(91, 91, 'Luxembourg', 6616, -1, 114, -1, 5027, -1, 1.72, 1475, 6, 10556, 182, 410443, 654868, 626757, '2020-07-31 18:19:04.000000'),
(92, 92, 'Mauritania', 6295, -1, 157, -1, 4889, -1, 2.49, 1249, 3, 1351, 34, 57253, 12290, 4658382, '2020-07-31 18:19:04.000000'),
(93, 93, 'Zambia', 5963, 408, 151, 2, 3803, 514, 2.53, 2009, -1, 324, 8, 83093, 4511, 18420243, '2020-07-31 18:19:04.000000'),
(94, 94, 'Paraguay', 5207, -1, 47, -1, 3250, -1, 0.9, 1910, 8, 729, 7, 125361, 17559, 7139415, '2020-07-31 18:19:04.000000'),
(95, 95, 'Albania', 5197, -1, 154, -1, 2883, -1, 2.96, 2160, 17, 1806, 54, 35986, 12506, 2877530, '2020-07-31 18:19:04.000000'),
(96, 96, 'Croatia', 5139, 68, 145, 1, 4267, 89, 2.82, 727, 6, 1252, 35, 118955, 28992, 4103058, '2020-07-31 18:19:04.000000'),
(97, 97, 'Djibouti', 5081, -1, 58, -1, 4999, -1, 1.14, 24, -1, 5137, 59, 56721, 57345, 989112, '2020-07-31 18:19:04.000000'),
(98, 98, 'CAR', 4605, -1, 59, -1, 1574, -1, 1.28, 2972, 2, 952, 12, 29431, 6086, 4836145, '2020-07-31 18:19:04.000000'),
(99, 99, 'Hungary', 4505, 21, 596, -1, 3353, 7, 13.23, 556, 6, 466, 62, 339163, 35116, 9658252, '2020-07-31 18:19:04.000000'),
(100, 100, 'Greece', 4477, 76, 206, 3, 1374, -1, 4.6, 2897, 9, 430, 20, 529855, 50856, 10418642, '2020-07-31 18:19:04.000000'),
(101, 101, 'Lebanon', 4334, -1, 57, -1, 1753, -1, 1.32, 2524, 29, 635, 8, 293452, 43010, 6822802, '2020-07-31 18:19:04.000000'),
(102, 102, 'Malawi', 3981, 123, 109, 2, 1807, 47, 2.74, 2065, 4, 208, 6, 29599, 1544, 19165353, '2020-07-31 18:19:04.000000'),
(103, 103, 'Maldives', 3719, -1, 16, -1, 2568, -1, 0.43, 1135, 12, 6871, 30, 78040, 144180, 541266, '2020-07-31 18:19:04.000000'),
(104, 104, 'Nicaragua', 3672, -1, 116, -1, 2492, -1, 3.16, 1064, -1, 554, 17, -1, -1, 6630756, '2020-07-31 18:19:04.000000'),
(105, 105, 'Libya', 3438, -1, 73, -1, 604, -1, 2.12, 2761, -1, 500, 11, 50036, 7274, 6878565, '2020-07-31 18:19:04.000000'),
(106, 106, 'Thailand', 3310, 6, 58, -1, 3125, 14, 1.75, 127, 1, 47, 0.8, 717814, 10282, 69814554, '2020-07-31 18:19:04.000000'),
(107, 107, 'Hong Kong', 3273, 121, 27, 2, 1751, 91, 0.82, 1495, 43, 436, 4, 593962, 79175, 7501879, '2020-07-31 18:19:04.000000'),
(108, 108, 'Somalia', 3212, -1, 93, -1, 1562, -1, 2.9, 1557, 2, 202, 6, -1, -1, 15924499, '2020-07-31 18:19:04.000000'),
(109, 109, 'Congo', 3200, -1, 54, -1, 829, -1, 1.69, 2317, -1, 579, 10, -1, -1, 5527900, '2020-07-31 18:19:04.000000'),
(110, 110, 'Zimbabwe', 3092, -1, 53, -1, 924, -1, 1.71, 2115, -1, 208, 4, 129899, 8730, 14879663, '2020-07-31 18:19:04.000000'),
(111, 111, 'Montenegro', 3073, 57, 48, 1, 1005, 74, 1.56, 2020, -1, 4893, 76, 35331, 56253, 628073, '2020-07-31 18:19:04.000000'),
(112, 112, 'Equatorial Guinea', 3071, -1, 51, -1, 842, -1, 1.66, 2178, -1, 2184, 36, 16000, 11379, 1406115, '2020-07-31 18:19:04.000000'),
(113, 113, 'Mayotte', 2962, -1, 39, -1, 2721, -1, 1.32, 202, 1, 10838, 143, 13000, 47568, 273292, '2020-07-31 18:19:04.000000'),
(114, 114, 'Sri Lanka', 2814, -1, 11, -1, 2391, 58, 0.39, 412, 1, 131, 0.5, 155540, 7261, 21420649, '2020-07-31 18:19:04.000000'),
(115, 115, 'Cuba', 2608, 11, 87, -1, 2355, -1, 3.34, 166, 1, 230, 8, 264147, 23322, 11326031, '2020-07-31 18:19:04.000000'),
(116, 116, 'Eswatini', 2577, -1, 40, -1, 1134, -1, 1.55, 1403, 5, 2219, 34, 20784, 17900, 1161118, '2020-07-31 18:19:04.000000'),
(117, 117, 'Mali', 2522, -1, 124, -1, 1931, -1, 4.92, 467, -1, 124, 6, 22617, 1115, 20291700, '2020-07-31 18:19:04.000000'),
(118, 118, 'Cabo Verde', 2418, -1, 23, -1, 1694, -1, 0.95, 701, -1, 4345, 41, 41634, 74819, 556465, '2020-07-31 18:19:04.000000'),
(119, 119, 'South Sudan', 2322, -1, 46, -1, 1175, -1, 1.98, 1101, -1, 207, 4, 12044, 1075, 11204063, '2020-07-31 18:19:04.000000'),
(120, 120, 'Slovakia', 2292, 27, 29, 1, 1695, 20, 1.27, 568, 2, 420, 5, 261562, 47906, 5459865, '2020-07-31 18:19:04.000000'),
(121, 121, 'Slovenia', 2156, 17, 119, 1, 1797, 17, 5.52, 240, 3, 1037, 57, 131529, 63267, 2078962, '2020-07-31 18:19:04.000000'),
(122, 122, 'Lithuania', 2075, 13, 80, -1, 1644, 1, 3.86, 351, 6, 763, 29, 519929, 191232, 2718842, '2020-07-31 18:19:04.000000'),
(123, 123, 'Estonia', 2064, 13, 69, -1, 1930, 4, 3.34, 65, -1, 1556, 52, 119213, 89863, 1326610, '2020-07-31 18:19:04.000000'),
(124, 124, 'Namibia', 2052, -1, 10, -1, 164, -1, 0.49, 1878, 24, 806, 4, 25625, 10071, 2544383, '2020-07-31 18:19:04.000000'),
(125, 125, 'Rwanda', 1994, -1, 5, -1, 1085, -1, 0.25, 904, -1, 154, 0.4, 260025, 20040, 12975387, '2020-07-31 18:19:04.000000'),
(126, 126, 'Guinea-Bissau', 1981, -1, 26, -1, 803, -1, 1.31, 1152, 5, 1005, 13, 1500, 761, 1971385, '2020-07-31 18:19:04.000000'),
(127, 127, 'Iceland', 1885, 13, 10, -1, 1825, 2, 0.53, 50, -1, 5521, 29, 133285, 390381, 341423, '2020-07-31 18:19:04.000000'),
(128, 128, 'Mozambique', 1864, 56, 11, -1, 641, 3, 0.59, 1212, -1, 60, 0.4, 57730, 1843, 31317149, '2020-07-31 18:19:04.000000'),
(129, 129, 'Sierra Leone', 1818, -1, 67, -1, 1362, -1, 3.69, 389, -1, 228, 8, -1, -1, 7989061, '2020-07-31 18:19:04.000000'),
(130, 130, 'Benin', 1805, -1, 36, -1, 1036, -1, 1.99, 733, 1, 149, 3, 85863, 7069, 12145882, '2020-07-31 18:19:04.000000'),
(131, 131, 'Yemen', 1726, -1, 487, -1, 856, -1, 28.22, 383, -1, 58, 16, 120, 4, 29874304, '2020-07-31 18:19:04.000000'),
(132, 132, 'Suriname', 1650, 43, 26, -1, 1080, 77, 1.58, 544, 10, 2811, 44, 1619, 2758, 587053, '2020-07-31 18:19:04.000000'),
(133, 133, 'New Zealand', 1560, -1, 22, -1, 1518, 4, 1.41, 20, -1, 312, 4, 465066, 92974, 5002100, '2020-07-31 18:19:04.000000'),
(134, 134, 'Tunisia', 1514, -1, 50, -1, 1187, -1, 3.3, 277, 3, 128, 4, 94271, 7970, 11828437, '2020-07-31 18:19:04.000000'),
(135, 135, 'Uruguay', 1243, -1, 35, -1, 978, -1, 2.82, 230, 5, 358, 10, 110951, 31931, 3474726, '2020-07-31 18:19:04.000000'),
(136, 136, 'Latvia', 1231, 3, 32, 1, 1052, -1, 2.6, 147, -1, 653, 17, 198508, 105347, 1884332, '2020-07-31 18:19:04.000000'),
(137, 137, 'Jordan', 1193, 2, 11, -1, 1084, 12, 0.92, 98, 3, 117, 1, 597895, 58553, 10211202, '2020-07-31 18:19:04.000000'),
(138, 138, 'Liberia', 1186, 5, 75, 2, 670, 3, 6.32, 441, -1, 234, 15, -1, -1, 5066338, '2020-07-31 18:19:04.000000'),
(139, 139, 'Georgia', 1168, 8, 17, -1, 940, 5, 1.46, 211, 5, 293, 4, 225145, 56448, 3988514, '2020-07-31 18:19:04.000000'),
(140, 140, 'Uganda', 1147, -1, 2, -1, 1028, -1, 0.17, 117, -1, 25, 0.04, 266856, 5821, 45840090, '2020-07-31 18:19:04.000000'),
(141, 141, 'Niger', 1134, -1, 69, -1, 1028, -1, 6.08, 37, -1, 47, 3, 9052, 373, 24264572, '2020-07-31 18:19:04.000000'),
(142, 142, 'Angola', 1109, -1, 51, -1, 395, -1, 4.6, 663, 5, 34, 2, 63371, 1924, 32936655, '2020-07-31 18:19:04.000000'),
(143, 143, 'Burkina Faso', 1106, -1, 53, -1, 935, -1, 4.79, 118, -1, 53, 3, -1, -1, 20943848, '2020-07-31 18:19:04.000000'),
(144, 144, 'Cyprus', 1090, -1, 19, -1, 852, -1, 1.74, 219, -1, 902, 16, 196479, 162639, 1208070, '2020-07-31 18:19:04.000000'),
(145, 145, 'Chad', 935, -1, 75, -1, 813, -1, 8.02, 47, -1, 57, 5, -1, -1, 16458914, '2020-07-31 18:19:04.000000'),
(146, 146, 'Andorra', 925, 3, 52, -1, 807, 1, 5.62, 66, -1, 11970, 673, 3750, 48528, 77275, '2020-07-31 18:19:04.000000'),
(147, 147, 'Togo', 908, -1, 18, -1, 626, -1, 1.98, 264, 2, 109, 2, 41657, 5023, 8292861, '2020-07-31 18:19:04.000000'),
(148, 148, 'Sao Tome and Principe', 870, -1, 15, -1, 771, -1, 1.72, 84, -1, 3964, 68, 2872, 13086, 219466, '2020-07-31 18:19:04.000000'),
(149, 149, 'Jamaica', 864, 8, 10, -1, 724, -1, 1.16, 130, -1, 292, 3, 37527, 12668, 2962231, '2020-07-31 18:19:04.000000'),
(150, 150, 'Malta', 824, 10, 9, -1, 665, -1, 1.09, 150, -1, 1866, 20, 126999, 287562, 441641, '2020-07-31 18:19:04.000000'),
(151, 151, 'Botswana', 804, -1, 2, -1, 63, -1, 0.25, 739, 1, 341, 0.8, 68423, 29052, 2355166, '2020-07-31 18:19:04.000000'),
(152, 152, 'Syria', 738, -1, 41, -1, 229, -1, 5.56, 468, -1, 42, 2, -1, -1, 17531446, '2020-07-31 18:19:04.000000'),
(153, 153, 'Diamond Princess ', 712, -1, 13, -1, 651, -1, 1.83, 48, 4, -1, -1, -1, -1, -1, '2020-07-31 18:19:04.000000'),
(154, 154, 'San Marino', 699, -1, 42, -1, 657, -1, 6.01, -1, -1, 20597, 1238, 5729, 168813, 33937, '2020-07-31 18:19:04.000000'),
(155, 155, 'R&eacute;union', 660, 3, 4, -1, 592, -1, 0.61, 64, 4, 737, 4, 35419, 39538, 895830, '2020-07-31 18:19:04.000000'),
(156, 156, 'Lesotho', 604, -1, 13, -1, 144, -1, 2.15, 447, -1, 282, 6, 7463, 3481, 2143618, '2020-07-31 18:19:04.000000'),
(157, 157, 'Channel Islands', 587, -1, 47, -1, 533, -1, 8.01, 7, -1, 3374, 270, 30721, 176567, 173991, '2020-07-31 18:19:04.000000'),
(158, 158, 'Vietnam', 546, 37, 2, 2, 373, 4, 0.37, 171, -1, 6, 0.02, 430000, 4414, 97408737, '2020-07-31 18:19:04.000000'),
(159, 159, 'Tanzania', 509, -1, 21, -1, 183, -1, 4.13, 305, 7, 9, 0.4, -1, -1, 59853712, '2020-07-31 18:19:04.000000'),
(160, 160, 'Bahamas', 508, -1, 14, -1, 91, -1, 2.76, 403, 1, 1291, 36, 4167, 10588, 393544, '2020-07-31 18:19:04.000000'),
(161, 161, 'Taiwan', 467, -1, 7, -1, 441, -1, 1.5, 19, -1, 20, 0.3, 81587, 3425, 23820377, '2020-07-31 18:19:04.000000'),
(162, 162, 'Gambia', 403, -1, 8, -1, 66, -1, 1.99, 329, -1, 166, 3, 4859, 2007, 2421450, '2020-07-31 18:19:04.000000'),
(163, 163, 'Guyana', 401, -1, 20, -1, 185, -1, 4.99, 196, 3, 510, 25, 4641, 5898, 786864, '2020-07-31 18:19:04.000000'),
(164, 164, 'Burundi', 387, -1, 1, -1, 304, -1, 0.26, 82, -1, 32, 0.08, 14362, 1205, 11915413, '2020-07-31 18:19:04.000000'),
(165, 165, 'Comoros', 378, -1, 7, -1, 330, -1, 1.85, 41, -1, 434, 8, -1, -1, 870971, '2020-07-31 18:19:04.000000'),
(166, 166, 'Myanmar', 353, -1, 6, -1, 296, 1, 1.7, 51, -1, 6, 0.1, 112381, 2064, 54439424, '2020-07-31 18:19:04.000000'),
(167, 167, 'Mauritius', 344, -1, 10, -1, 332, -1, 2.91, 2, -1, 270, 8, 205285, 161395, 1271944, '2020-07-31 18:19:04.000000'),
(168, 168, 'Isle of Man', 336, -1, 24, -1, 312, -1, 7.14, -1, -1, 3950, 282, 8181, 96168, 85070, '2020-07-31 18:19:04.000000'),
(169, 169, 'Mongolia', 291, -1, -1, -1, 225, -1, -1, 66, 4, 89, -1, 35477, 10808, 3282334, '2020-07-31 18:19:04.000000'),
(170, 170, 'Eritrea', 279, -1, -1, -1, 225, -1, -1, 54, -1, 79, -1, -1, -1, 3550236, '2020-07-31 18:19:04.000000'),
(171, 171, 'Martinique', 269, -1, 15, -1, 98, -1, 5.58, 156, 4, 717, 40, 12227, 32584, 375240, '2020-07-31 18:19:04.000000'),
(172, 172, 'Guadeloupe', 244, -1, 14, -1, 176, -1, 5.74, 54, 3, 610, 35, 15235, 38075, 400130, '2020-07-31 18:19:04.000000'),
(173, 173, 'Cambodia', 234, -1, -1, -1, 164, 2, -1, 70, 1, 14, -1, 63364, 3786, 16736949, '2020-07-31 18:19:04.000000'),
(174, 174, 'Faeroe Islands', 225, -1, -1, -1, 189, 1, -1, 36, 1, 4603, -1, 37550, 768239, 48878, '2020-07-31 18:19:04.000000'),
(175, 175, 'Cayman Islands', 203, -1, 1, -1, 202, -1, 0.49, -1, -1, 3086, 15, 29942, 455163, 65783, '2020-07-31 18:19:04.000000'),
(176, 176, 'Gibraltar', 187, -1, -1, -1, 181, 1, -1, 6, -1, 5551, -1, 21244, 630573, 33690, '2020-07-31 18:19:04.000000'),
(177, 177, 'Trinidad and Tobago', 169, 5, 8, -1, 132, 2, 4.73, 29, -1, 121, 6, 7766, 5548, 1399864, '2020-07-31 18:19:04.000000'),
(178, 178, 'Bermuda', 156, -1, 9, -1, 141, -1, 5.77, 6, -1, 2506, 145, 20962, 336696, 62258, '2020-07-31 18:19:04.000000'),
(179, 179, 'Brunei ', 141, -1, 3, -1, 138, -1, 2.13, -1, -1, 322, 7, 40202, 91825, 437813, '2020-07-31 18:19:04.000000'),
(180, 180, 'Sint Maarten', 128, 2, 15, -1, 64, -1, 11.72, 49, -1, 2983, 350, 857, 19970, 42914, '2020-07-31 18:19:04.000000'),
(181, 181, 'Monaco', 120, -1, 4, -1, 105, -1, 3.33, 11, -1, 3056, 102, 38209, 973106, 39265, '2020-07-31 18:19:04.000000'),
(182, 182, 'Aruba', 120, -1, 3, -1, 105, -1, 2.5, 12, -1, 1124, 28, 11168, 104566, 106803, '2020-07-31 18:19:04.000000'),
(183, 183, 'Seychelles', 114, -1, -1, -1, 39, -1, -1, 75, -1, 1159, -1, -1, -1, 98397, '2020-07-31 18:19:04.000000'),
(184, 184, 'Barbados', 110, -1, 7, -1, 96, -1, 6.36, 7, -1, 383, 24, 10881, 37860, 287404, '2020-07-31 18:19:04.000000'),
(185, 185, 'Turks and Caicos', 107, 3, 2, -1, 37, -1, 1.87, 68, 3, 2761, 52, 1179, 30420, 38758, '2020-07-31 18:19:04.000000'),
(186, 186, 'Bhutan', 101, -1, -1, -1, 88, -1, -1, 13, -1, 131, -1, 43196, 55933, 772280, '2020-07-31 18:19:04.000000'),
(187, 187, 'Antigua and Barbuda', 91, -1, 3, -1, 67, -1, 3.3, 21, 1, 929, 31, 1345, 13725, 97994, '2020-07-31 18:19:04.000000'),
(188, 188, 'Liechtenstein', 88, -1, 1, -1, 85, -1, 1.14, 2, -1, 2307, 26, 900, 23599, 38137, '2020-07-31 18:19:04.000000'),
(189, 189, 'Papua New Guinea', 72, 9, 2, -1, 11, -1, 2.78, 59, -1, 8, 0.2, 10000, 1116, 8959762, '2020-07-31 18:19:04.000000'),
(190, 190, 'French Polynesia', 62, -1, -1, -1, 62, -1, -1, -1, -1, 221, -1, 5390, 19179, 281041, '2020-07-31 18:19:04.000000'),
(191, 191, 'St. Vincent Grenadines', 54, 2, -1, -1, 44, 5, -1, 10, -1, 487, -1, 1866, 16816, 110969, '2020-07-31 18:19:04.000000'),
(192, 192, 'Saint Martin', 49, -1, 3, -1, 41, -1, 6.12, 5, 1, 1266, 77, 1080, 27895, 38716, '2020-07-31 18:19:04.000000'),
(193, 193, 'Belize', 48, -1, 2, -1, 27, -1, 4.17, 19, -1, 121, 5, 3251, 8165, 398173, '2020-07-31 18:19:04.000000'),
(194, 194, 'Macao', 46, -1, -1, -1, 46, -1, -1, -1, -1, 71, -1, 4071, 6263, 650024, '2020-07-31 18:19:04.000000'),
(195, 195, 'Cura&ccedil;ao', 29, -1, 1, -1, 24, -1, 3.45, 4, -1, 177, 6, 1080, 6579, 164148, '2020-07-31 18:19:04.000000'),
(196, 196, 'Fiji', 27, -1, 1, 1, 18, -1, 3.7, 8, -1, 30, 1, 6693, 7462, 896971, '2020-07-31 18:19:04.000000'),
(197, 197, 'Saint Lucia', 25, -1, -1, -1, 22, -1, -1, 3, -1, 136, -1, 2968, 16157, 183696, '2020-07-31 18:19:04.000000'),
(198, 198, 'Grenada', 24, -1, -1, -1, 23, -1, -1, 1, -1, 213, -1, 6252, 55541, 112566, '2020-07-31 18:19:04.000000'),
(199, 199, 'Timor-Leste', 24, -1, -1, -1, 24, -1, -1, -1, -1, 18, -1, 1568, 1188, 1320331, '2020-07-31 18:19:04.000000'),
(200, 200, 'New Caledonia', 22, -1, -1, -1, 22, -1, -1, -1, -1, 77, -1, 10186, 35651, 285717, '2020-07-31 18:19:04.000000'),
(201, 201, 'Laos', 20, -1, -1, -1, 19, -1, -1, 1, -1, 3, -1, 27106, 3721, 7283730, '2020-07-31 18:19:04.000000'),
(202, 202, 'Dominica', 18, -1, -1, -1, 18, -1, -1, -1, -1, 250, -1, 1005, 13958, 72001, '2020-07-31 18:19:04.000000'),
(203, 203, 'Saint Kitts and Nevis', 17, -1, -1, -1, 15, -1, -1, 2, -1, 319, -1, 1006, 18899, 53229, '2020-07-31 18:19:04.000000'),
(204, 204, 'Greenland', 14, -1, -1, -1, 13, -1, -1, 1, -1, 247, -1, 5856, 103139, 56778, '2020-07-31 18:19:04.000000'),
(205, 205, 'Falkland Islands', 13, -1, -1, -1, 13, -1, -1, -1, -1, 3728, -1, 1816, 520792, 3487, '2020-07-31 18:19:04.000000'),
(206, 206, 'Montserrat', 12, -1, 1, -1, 10, -1, 8.33, 1, -1, 2404, 200, 61, 12220, 4992, '2020-07-31 18:19:04.000000'),
(207, 207, 'Vatican City', 12, -1, -1, -1, 12, -1, -1, -1, -1, 14981, -1, -1, -1, 801, '2020-07-31 18:19:04.000000'),
(208, 208, 'Caribbean Netherlands', 11, -1, -1, -1, 7, -1, -1, 4, -1, 419, -1, 424, 16157, 26242, '2020-07-31 18:19:04.000000'),
(209, 209, 'Western Sahara', 10, -1, 1, -1, 8, -1, 10, 1, -1, 17, 2, -1, -1, 598400, '2020-07-31 18:19:04.000000'),
(210, 210, 'MS Zaandam ', 9, -1, 2, -1, -1, -1, 22.22, 7, -1, -1, -1, -1, -1, -1, '2020-07-31 18:19:04.000000'),
(211, 211, 'British Virgin Islands', 8, -1, 1, -1, 7, -1, 12.5, -1, -1, 264, 33, 439, 14514, 30247, '2020-07-31 18:19:04.000000'),
(212, 212, 'St. Barth', 7, -1, -1, -1, 6, -1, -1, 1, -1, 709, -1, 1246, 126126, 9879, '2020-07-31 18:19:04.000000'),
(213, 213, 'Saint Pierre Miquelon', 4, -1, -1, -1, 1, -1, -1, 3, -1, 691, -1, -1, -1, 5792, '2020-07-31 18:19:04.000000'),
(214, 214, 'Anguilla', 3, -1, -1, -1, 3, -1, -1, -1, -1, 200, -1, 380, 25310, 15014, '2020-07-31 18:19:04.000000');

-- --------------------------------------------------------

--
-- Tablo için tablo yapısı `etiketler`
--

CREATE TABLE `etiketler` (
  `etiketID` int(11) NOT NULL,
  `etiketKeyword` varchar(255) NOT NULL
) ENGINE=InnoDB DEFAULT CHARSET=utf32;

--
-- Tablo döküm verisi `etiketler`
--

INSERT INTO `etiketler` (`etiketID`, `etiketKeyword`) VALUES
(1, 'covid'),
(2, 'ne'),
(3, 'bit'),
(6, 'yeni'),
(8, 'nedir'),
(10, 'nasıl'),
(11, 'bulaş'),
(13, 'enfeksiyon'),
(14, 'tanı'),
(19, 'önle'),
(20, 'tedavi'),
(22, 'ilaç'),
(23, 'var'),
(24, 'mı'),
(30, 'mi'),
(32, 'kuluçka'),
(33, 'süre'),
(35, 'kadar'),
(37, 'neden'),
(38, 'belirti'),
(39, 'hasta'),
(42, 'kim'),
(43, 'etkili'),
(44, 'daha'),
(45, 'fazla'),
(48, 'ani'),
(49, 'ölüm'),
(51, 'ol'),
(52, 'çin'),
(53, 'hangi'),
(54, 'ülkeler'),
(56, 'risk'),
(58, 'aşı'),
(61, 'yurtdışı'),
(62, 'yolcu'),
(64, 'koru'),
(66, 'kargo'),
(67, 'gel'),
(68, 'ürün'),
(73, 'burun'),
(74, 'tuz'),
(75, 'su'),
(76, 'yıka'),
(80, 'sirke'),
(83, 'evcil'),
(84, 'bak'),
(85, 'hayvan'),
(87, 'taşı'),
(88, 'bulaştır'),
(89, 'turist'),
(90, 'mağaza'),
(91, 'restorant'),
(92, 'çalış'),
(93, 'önlem'),
(94, 'otel'),
(95, 'gerekli'),
(100, 'yaş'),
(104, 'yüzey'),
(107, 'kal'),
(109, 'kap'),
(110, 'zaman'),
(111, 'vücut'),
(114, 'salgın'),
(115, 'ileri'),
(118, 'tehlike'),
(120, 'çocuk'),
(121, 'genç'),
(125, 'alerjik'),
(140, 'yakala'),
(141, 'oran'),
(144, 'hafif'),
(145, 'geçir'),
(147, 'göster'),
(148, 'test'),
(151, 'grip'),
(152, 'tür'),
(153, 'benzet'),
(154, 'doğru'),
(155, 'ev'),
(156, 'yapı'),
(157, 'maske'),
(158, 'sağlık'),
(159, 'eldiven'),
(160, 'kullan'),
(161, 'dikkat'),
(162, 'ramazan'),
(164, 'oruç'),
(167, 'tedbir'),
(168, 'malzeme'),
(169, 'derece'),
(170, 'ısı'),
(171, 'dakika'),
(172, 'fırın'),
(174, 'dalga'),
(176, 'iki'),
(177, 'yaşa'),
(178, 'anne'),
(179, 'süt'),
(183, 'besin'),
(184, 'takviye'),
(185, 'bağışık'),
(186, 'sistem'),
(187, 'zayıf'),
(188, 'güçlü'),
(190, 'mikrodalga'),
(192, 'öldür'),
(193, 'plastik'),
(194, 'damacana'),
(196, 'havalan'),
(197, 'dışarı'),
(199, 'ultraviyole'),
(200, 'ışınla'),
(206, 'dezenfektan'),
(207, 'sabun'),
(208, 'sokak'),
(213, 'bitki'),
(218, 'antikor'),
(226, 'nar'),
(227, 'kabuk'),
(228, 'kaynat'),
(230, 'gargara'),
(231, 'fayda'),
(232, 'propolis'),
(233, 'toz'),
(234, 'zencefil'),
(235, 'keçiboynuz'),
(237, 'genetik'),
(238, 'faktör'),
(240, 'kan'),
(241, 'grup'),
(242, 'önem'),
(243, 'astım'),
(245, 'ağır'),
(246, 'seyret'),
(247, 'laboratuvar'),
(248, 'üret'),
(250, 'kanser'),
(251, 'kronik'),
(252, 'hastalık'),
(253, 'etkile'),
(254, 'yemek'),
(255, 'poşet'),
(256, 'paket'),
(257, 'deniz'),
(258, 'havuz'),
(259, 'geçer'),
(260, 'kontrol'),
(261, 'altın'),
(262, 'alın'),
(279, 'kemoterapi'),
(281, 'ver'),
(284, 'tak'),
(290, 'ek'),
(292, 'karşı'),
(305, 'hematoloji'),
(313, 'moleküler'),
(318, 'güvenilir'),
(320, 'toplum'),
(321, 'izole'),
(325, 'diş'),
(326, 'git'),
(332, 'insan'),
(334, 'enfekte'),
(337, 'yay'),
(342, 'deri'),
(347, 'son'),
(348, 'aile'),
(368, 'antibiyotik'),
(369, 'ne zaman'),
(373, 'ne kadar'),
(374, 'neden ol'),
(375, 'neler yap'),
(378, 'ara ver'),
(379, 'bırak'),
(380, 'açık'),
(381, 'yara'),
(382, 'bir araya gel'),
(383, 'gözlemle'),
(384, 'sona er'),
(385, 'gir'),
(386, 'anlaş'),
(387, 'bulaşıcı'),
(388, 'dişçi'),
(389, 'güvenli'),
(390, 'kendi'),
(391, 'yap'),
(392, 'tekrar'),
(393, 'etki'),
(394, 'baskı'),
(395, 'birdenbire'),
(396, 'semptom'),
(397, 'lokanta'),
(398, 'pandemi'),
(399, 'propolis'),
(400, 'el'),
(401, 'hijyen'),
(402, 'bakım'),
(403, 'personel'),
(405, 'ekipman'),
(406, 'kisisel'),
(407, 'n95'),
(408, 'piş');

-- --------------------------------------------------------

--
-- Tablo için tablo yapısı `logUser`
--

CREATE TABLE `logUser` (
  `logID` int(11) NOT NULL,
  `userID` varchar(255) NOT NULL,
  `userSoru` varchar(255) NOT NULL,
  `userSoruCevap` varchar(255) NOT NULL
) ENGINE=InnoDB DEFAULT CHARSET=utf16;

--
-- Tablo döküm verisi `logUser`
--

INSERT INTO `logUser` (`logID`, `userID`, `userSoru`, `userSoruCevap`) VALUES
(121, '54A16216873F8242B4F6087BD58E9B9A', 'covid nedir', 'YENI KORONAVIRÜS (COVID-19), ILK OLARAK ÇIN’IN VUHAN EYALETI’NDE 2019 ARALIK AYININ SONLARINDA SOLUNUM YOLU BELIRTILERI (ATEŞ, ÖKSÜRÜK, NEFES DARLIĞI) GELIŞEN BIR GRUP HASTADA YAPILAN ARAŞTIRMALAR SONUCUNDA 13 OCAK 2020’DE TANIMLANAN BIR VIRÜSTÜR.'),
(122, '42453AF55E4DCA418133E49D8F784F74', 'arjantin bugünkü vaka sayısı', ''),
(123, '42453AF55E4DCA418133E49D8F784F74', 'en fazla ölüm sayısı', ''),
(124, '42453AF55E4DCA418133E49D8F784F74', 'EN az TOPLAM ÖLÜM SAYISI: 155330', ''),
(125, '42453AF55E4DCA418133E49D8F784F74', 'ukrayna', ''),
(126, '42453AF55E4DCA418133E49D8F784F74', 'türkiye', ''),
(127, 'F1EC873F603ECB4F9B56E0C8297DECDB', 'toplam vaka ülkem', 'TÜRKİYE<BR/>TOPLAM VAKA SAYISI: 229891<BR/>'),
(128, '0D8E8486055B0D41A3A7AD4B16E4FA5D', 'Covid ne zaman bitecek', 'BU SORUNUN CEVABI TAM OLARAK BILINMEMEKLE BIRLIKTE 2021-2022 YILINA KADAR DEVAM EDEBILECEĞI ÖNGÖRÜLMEKTEDIR. PANDEMININ DAHA ERKEN BITMESININ YOLU ISE ETKIN BIR AŞININ BULUNMASIDIR.'),
(129, '875FC205271ACA49A1533790040ACF25', 'covid ne zaman bitecek7', 'BU SORUNUN CEVABI TAM OLARAK BILINMEMEKLE BIRLIKTE 2021-2022 YILINA KADAR DEVAM EDEBILECEĞI ÖNGÖRÜLMEKTEDIR. PANDEMININ DAHA ERKEN BITMESININ YOLU ISE ETKIN BIR AŞININ BULUNMASIDIR.'),
(130, '875FC205271ACA49A1533790040ACF25', 'türkiye', ''),
(131, 'FB66F7CECB133E489E5804EA32FB6E5A', 'en fazla nüfuslu ülke', 'ISTATISTIK <BR/>EN YÜKSEK TOPLAM NÜFUS: 331161077<BR/>'),
(132, '7E6A17AA91F60747ABC7C32AA8213580', ' en fazla nüfuslu ülke', 'ISTATISTIK <BR/>EN YÜKSEK TOPLAM NÜFUS: 1,381,085,714<BR/>'),
(133, '7E6A17AA91F60747ABC7C32AA8213580', 'en az ve en fazla nüfuslu ülke', ''),
(134, '7E6A17AA91F60747ABC7C32AA8213580', 'türkiye', ''),
(135, '9340B1010B23A24096BF734CB6672608', 'gabon ölüm oranı', 'GABON<BR/>ÖLÜM ORANI: 0.67<BR/>'),
(136, 'E9A30F334768BB439E93374AD882C604', 'türkiye toplam test sayısı', 'TÜRKİYE<BR/>TOPLAM TEST SAYISI: 4754331<BR/>'),
(137, 'C8E1D751DAEF1F40BE7BAB85E6F411C3', 'en fazla nüfus', 'ISTATISTIK <BR/>EN YÜKSEK TOPLAM NÜFUS: 1,381,085,714<BR/>'),
(138, '7452A4EF11504946B208804438F2D4AE', ' en fazla nüfus', 'ISTATISTIK <BR/>EN YÜKSEK TOPLAM NÜFUS: 1,381,085,714<BR/>'),
(139, '94D0B9203CFE4E4F9EEBDB9BB7D7C64C', 'covid ne zaman bitecek', ''),
(140, '7452A4EF11504946B208804438F2D4AE', 'covid ne zaman bitecek', ''),
(141, '7452A4EF11504946B208804438F2D4AE', 'Koruyucu', ''),
(142, 'D3BAC984E94C214FAF7C366009C8977F', 'en fazla', 'KORONAVIRÜS YAŞLILARI, KRONIK HASTALIĞI OLAN KIŞILERI, DIYABET HASTALARI, KALP, AKCIĞER, KANSER HASTALIĞI OLANLARI VE BAĞIŞIKLIK SISTEMINI BASKILAYAN ILAÇ KULLANAN HASTALARI DAHA FAZLA ETKILEMEKTEDIR.'),
(143, '6419BA25458FF846BCB801BBE704C71C', 'Merhaba Ben Covid Sanal Asistanınız, Sorularınızı sormayı esirgemeyin :)', ''),
(144, 'C9800E3D940CE64BAE0C24FEB39AA1FC', 'pişmiş yemekten virüs bulaşır mı?', '60 DERECENIN ÜSTÜNDE PIŞIRILEN YEMEKLERDE VIRÜS BULUNMA RISKI KALMAMAKTADIR. DOLAYISIYLA, PIŞMIŞ YEMEKTEN VIRÜS BULAŞMAZ. ANCAK, YEMEK PIŞIRILDIKTEN SONRA COVID-19 HASTASI BIRI ILE TEMASI SONUCU VIRÜS BULAŞABILIR.'),
(145, '093F93D7E750A0449285D6EEB9077E02', 'kaşık', ''),
(146, '093F93D7E750A0449285D6EEB9077E02', 'bulaşır mı', ''),
(147, 'E597C3D7E0EDAF42859BAFCF2904D3B7', 'bulaştırma', 'KORONAVIRÜS DOĞRUDAN DERIDEN VEYA AÇIK YARADAN VÜCUDA GIRMEZ. ANCAK ÜZERINDE VIRÜS BULUNAN BIR YÜZEYE VEYA NESNEYE DOKUNDUKTAN SONRA ELINIZI AĞZINIZA, BURNUNUZA VEYA GÖZLERINIZE DOKUNURSANIZ VIRÜSÜN SOLUNUM YOLLARINIZA GEÇIŞI MÜMKÜN OLABILMEKTEDIR.'),
(148, '1B7BAD7DC865854381D95CAE528E6F26', 'bulaştırma', 'KORONAVIRÜS DOĞRUDAN DERIDEN VEYA AÇIK YARADAN VÜCUDA GIRMEZ. ANCAK ÜZERINDE VIRÜS BULUNAN BIR YÜZEYE VEYA NESNEYE DOKUNDUKTAN SONRA ELINIZI AĞZINIZA, BURNUNUZA VEYA GÖZLERINIZE DOKUNURSANIZ VIRÜSÜN SOLUNUM YOLLARINIZA GEÇIŞI MÜMKÜN OLABILMEKTEDIR.'),
(149, '1B7BAD7DC865854381D95CAE528E6F26', 'bulaştırma', ''),
(150, '1B7BAD7DC865854381D95CAE528E6F26', 'bulaştırma', ''),
(151, 'B1C7D2BDB49EAF4798B7B9B681770DEB', 'bugün kaşıklar nasıl', 'KORONAVIRÜS SEMPTOMLARI GÖSTEREN KIŞILERIN BOĞAZ VE BURUN IÇINDEN ALINAN SÜRÜNTÜ ÖRNEKLERINDEN PCR TESTI ILE VIRÜS VARLIĞI TESPIT EDILEBILIR.'),
(152, '1513A20A53FD28429F5A6B2029F86B6B', 'bulaştırma', '');

-- --------------------------------------------------------

--
-- Tablo için tablo yapısı `soruCevap`
--

CREATE TABLE `soruCevap` (
  `soruID` int(11) NOT NULL,
  `covidSoru` varchar(255) CHARACTER SET utf32 NOT NULL,
  `cevapSoru` varchar(1000) CHARACTER SET utf32 NOT NULL,
  `dateAdd` datetime NOT NULL DEFAULT current_timestamp()
) ENGINE=InnoDB DEFAULT CHARSET=utf8;

--
-- Tablo döküm verisi `soruCevap`
--

INSERT INTO `soruCevap` (`soruID`, `covidSoru`, `cevapSoru`, `dateAdd`) VALUES
(2, 'Yeni Koronavirüs (COVID-19) nedir?', 'Yeni Koronavirüs (COVID-19), ilk olarak Çin’in Vuhan Eyaleti’nde 2019 Aralık ayının sonlarında solunum yolu belirtileri (ateş, öksürük, nefes darlığı) gelişen bir grup hastada yapılan araştırmalar sonucunda 13 Ocak 2020’de tanımlanan bir virüstür.', '2020-07-16 02:11:21'),
(3, 'Yeni Koronavirüsün (COVID-19) nasıl bulaşır?', 'Hasta bireylerin öksürmeleri aksırmaları ile ortama saçılan damlacıkların solunması ile bulaşır. Hastaların solunum parçacıkları ile kirlenmiş yüzeylere dokunulduktan sonra ellerin yıkanmadan yüz, göz, burun veya ağza götürülmesi ile de virüs alınabilir.', '2020-07-16 02:13:13'),
(5, 'Yeni Koronavirüs (COVID-19) için etkili bir ilaç var mıdır?', 'Koronavirüsün kesin bir tedavisi yoktur. Hastanın genel durumuna göre gerekli destek tedavisi uygulanmaktadır. Bazı ilaçların virüs üzerindeki etkinliği araştırılmaktadır.', '2020-07-16 02:17:51'),
(6, 'Antibiyotikler Yeni Koronavirüs (COVID-19) enfeksiyonunu önleyebilir mi veya tedavi edebilir mi?', 'Hayır, antibiyotikler virüslere etki etmez, sadece bakterilere karşı etkilidir. Yeni Koronavirüs (2019-nCoV) bir virüstür ve bu nedenle enfeksiyonu önlemek veya tedavi etmek amacıyla antibiyotikler kullanılmamalıdır.', '2020-07-16 02:18:48'),
(7, 'Yeni Koronavirüsün (COVID-19) kuluçka süresi ne kadardır?', ' Virüsün kuluçka süresi 2 gün ile 14 gün arasındadır.', '2020-07-16 02:19:24'),
(8, 'Koronavirüsün (COVID-19) neden olduğu hastalıklar nelerdir?', 'Şiddetli olgularda zatürre, ağır solunum yetmezliği, böbrek yetmezliği ve ölüm gelişebilmektedir.', '2020-07-16 02:19:56'),
(9, 'Yeni Koronavirüs (COVID-19) kimleri daha fazla etkilemektedir?', 'Elde edilen veriler doğrultusunda ileri yaş ve eşlik eden kronik hastalığı (astım, diyabet, kalp hastalığı gibi) olanlarda virüsün ağır hastalık oluşturma riski daha yüksektir. Bugünkü verilerle hastalığın %10-15 olguda ağır seyrettiği, yaklaşık %2 olguda da ölümle sonuçlandığı bilinmektedir.', '2020-07-16 02:20:29'),
(10, 'Yeni Koronavirüs hastalığı ani ölümlere neden olur mu?', 'Hastalanan kişilerle ilgili yayımlanmış verilere göre hastalık nispeten yavaş bir seyir göstermektedir. İlk birkaç gün daha hafif şikayetler (ateş, boğaz ağrısı, halsizlik gibi) görülmekte sonrasında öksürük, nefes darlığı gibi belirtiler eklenmektedir. Hastalar genellikle 7 günden sonra hastaneye başvuracak kadar ağırlaşmaktadır.', '2020-07-16 02:21:24'),
(13, 'Yurtdışına yolculuk yapmak zorunda olan kişiler hastalıktan korunmak için neler yapmalı?', 'Eller yıkanmadan ağız, burun ve gözlerle temas edilmemelidir. Hasta insanlarla temastan kaçınmalıdır (mümkün ise en az 1,5 m uzakta bulunulmalı). Özellikle hasta insanlarla veya çevreleriyle doğrudan temas ettikten sonra eller sık sık temizlenmelidir. Hastaların yoğun olarak bulunması nedeniyle mümkün ise sağlık merkezlerine gidilmemeli, sağlık kuruluşuna gidilmesi gereken durumlarda diğer hastalarla temas en aza indirilmelidir.', '2020-07-16 06:20:43'),
(14, 'Yurtdışından kargo ile gelen paket ya da ürünlerden Koronavirüs bulaşma riski var mıdır?', 'Genel olarak bu virüsler yüzeylerde kısa süre canlı kalabildikleri için yurtdışından gelen paket veya kargolardan bulaşma olması beklenmemektedir. Dünya Sağlık Örgütü’nün de bu konuda kısıtlaması yoktur.', '2020-07-16 06:21:21'),
(15, 'Burnunuzu tuzlu suyla yıkamak Yeni Koronavirüs (COVID-19) enfeksiyonunu önleyebilir mi?', 'Hayır. Burnu tuzlu suyla düzenli olarak yıkamanın Yeni Koronavirüs (COVID-19) enfeksiyonundan korunmada bir faydası yoktur.', '2020-07-16 06:22:11'),
(16, 'Sirke kullanımı Yeni Koronavirüs enfeksiyonunu önleyebilir mi?', 'Hayır. Sirke kullanımının Yeni Koronavirüs (COVID-19) enfeksiyonundan korunmada bir faydası yoktur.', '2020-07-16 06:22:37'),
(17, 'Evcil hayvanlar koronavirüsü taşıyıp, bulaştırabilir mi?', 'Evde bakılan kedi/köpek gibi evcil hayvanların yeni koronavirüs (COVID-19) ile enfekte olması beklenmemektedir. Ancak evcil hayvanlarla temas sonrası her zaman için ellerin su ve sabunla yıkanması gereklidir. Böylece hayvanlardan bulaşabilecek diğer enfeksiyonlara karşı korunma sağlanacaktır.', '2020-07-16 06:23:20'),
(19, 'Otellerde alınması gereken önlemler nelerdir?', 'Konaklama tesislerinde su ve deterjanla standart temizlik yapılması yeterlidir. Özellikle eller ile sık dokunulan yüzeyler, kapı kolları, bataryalar, tırabzanlar, tuvalet ve lavabo temizliğine dikkat edilmelidir. mümkünse kalabalık yerlere girmemesi, eğer girmek zorunda kalınıyorsa ağız ve burnunu kapatması, mümkünse tıbbi maske kullanması önerilmektedir.Misafirlerin kişisel eşyalarına temas eden, örneğin valizlerini taşıyan kişilerin, bu tür işlemler sonrasında ellerini yıkaması veya alkol bazlı dezenfektan kullanması gerekir.', '2020-07-16 06:27:08'),
(20, 'Koronavirüs salgınında en çok hangi yaş grubu risk altındadır?', 'Her yaş gurubundan insanlar covid19\'a yakalanabilmektedir. Ancak ileri yaş grubundaki insanlar bu hastalığı daha ağır geçirmektedir. Özellikle 65 ve üzeri yaştaki vakalarda ölüm oranı daha yüksektir.', '2020-07-16 06:28:57'),
(21, 'Virüs hangi yüzeylerde ne kadar kalıyor?', 'Koronavirüs bakırda 1, mukavvada 4, çelikte 5-6 saat, plastikte 6-8 saat canlı kalabilmektedir. Bununla birlikte virüsün bir kısmı yaklaşık 3 saat havada asılı kalıyor ve aşağıya inerken hepimizin dokunduğu yüzeylere ulaşıyor. Örneğin kapı kolları, asansör düğmeleri gibi herkesin kullandığı alanlarda günlerce kalabiliyor.', '2020-07-16 06:30:44'),
(26, 'Koronavirüs bulaşan çocuk veya gençlerde hangi belirtiler gözlemlenir?', 'Gençler ve çocuklarda belirtiler ya hiç yoktur ya da çok hafif seyretmektedir. Bu nedenle hastanelere başvuru oranları çok düşüktür. Çocuk ve gençlerdeki Covid19 vakalarında çok yüksek ateş görülmemektedir. Kuru öksürük, boğaz ağrısı, iştahsızlık, kas ağrıları çocuklarda en sık görülen belirtilerdir.', '2020-07-16 06:38:56'),
(28, 'Covid19 geçiren birinin tekrar hastalığa yakalanma ihtimali var mıdır?', 'Hastalığı geçirmiş ve bağışıklık kazanmış kişilerde yeniden hastalığa yakalanma durumu henüz saptanmamıştır. Bu konu üzerinde araştırmalar sürdürülmektedir.', '2020-07-16 06:43:35'),
(29, 'Bir kişinin Covid19 geçirip geçirmediği nasıl anlaşılır?', 'Antikor testleri  ile geçirilmiş enfeksiyon saptanabilir. Ancak bu testlerin hassasiyet oranları yüksek olmamakla birlikte, henüz yaygın olarak kullanılmamaktadır.', '2020-07-16 06:44:37'),
(31, 'Evde yapılan maskeler koruyucu mudur?', 'Maske yapımında kullanılan kumaşın özelliğine göre koruyuculuğu değişmekle birlikte, genel olarak evde yapılan maskeler önerilmemektedir. Çünkü maske kumaşları özeldir. Cerrahi maskelerin gözenekleri mikroorganizmaları geçirmeyecek kadar küçüktür.', '2020-07-16 06:47:54'),
(32, 'Covid19\'a karşı eldiven kullanmak doğru mudur?', 'Eldiven kullanımı önerilmemektedir. Eldiven kullanmak yerine eller sık sık sabun ve suyla yıkanmalıdır. Ancak, marketlerde, pazarda ve gıda paketlemesi yapılan diğer yerlerde, bu hazırlık sırasında eldiven kullanılabilir. Tek kullanımlık olan bu eldivenler de iş bittiğinde çıkarılmalıdır. ', '2020-07-16 06:51:37'),
(33, 'Salgın döneminde oruç tutmak riskli midir?', 'Hasta olmayan ve bu salgından etkilenmemiş kişilerin istemeleri durumunda oruç tutması için bir engel yoktur.', '2020-07-16 06:53:45'),
(35, 'Corona virüs salgınında ikinci dalga tehlikesi yaşanır mı?', 'Maske, mesafe ve hijyen kurallarına uyulmadığı takdirde, özellikle kış aylarında ikinci dalga yaşanması beklenmektedir.', '2020-07-16 06:58:47'),
(36, 'Anne sütünün virüs üzerinde etkisi var mı?', 'Anne sütü genel olarak çocuklar için çok faydalıdır. Ancak bu virüs için özel bir koruyuculuğu yoktur. ', '2020-07-16 07:00:19'),
(37, 'Covid-19\' dan koruyan besin takviyesi var mıdır?', 'Bugüne kadar Covid-19\'dan koruduğu gösterilmiş bir vitamin ya da takviye yoktur. Bu nedenle en önemli yöntem  dengeli ve düzenli beslenmektir.', '2020-07-16 07:02:38'),
(38, 'Bağışıklık sistemimin zayıf mı güçlü mü olduğunu nasıl anlarım?', 'Bağışıklık siteminin zayıfladığının en önemli göstergesi kişinin sık enfeksiyon geçirmesidir. Örneğin kışın üç-dört kez üst solunum yolu enfeksiyonu geçirmek zayıf bağışıklık sisteminin göstergesidir.', '2020-07-16 07:03:00'),
(50, 'Covid-19\'da genetik faktörlerin etkisi var mı?', 'Bu konuda herhangi bir bilimsel veri mevcut değildir. 22 ülkede 35 bilimsel heyet bu konuyu genetik olarak araştırmaktadır.', '2020-07-16 07:30:19'),
(52, 'Covid-19\'da kan grupları önemli mi?', 'Çin\'de 2 bin 200 Covid-19 hastası üzerinde yapılan çalışmalarda 0 kan grubunda hastalığın daha hafif, A kan grubunda ise hastalığın daha ağır seyrettiği gösterilmiştir. Ancak katılımcı sayısı az olduğu için bu sonucun güvenilirliği azdır.', '2020-07-16 07:31:41'),
(54, ' Koronavirüs laboratuvarda mı üretilmiştir?', 'Bilimsel çalışmalar bu virüsün laboratuvar ortamında üretilmiş olmasının çok düşük bir ihtimal olduğunu, vahşi bir hayvandan temas yoluyla insanlara geçerek yayıldığı görüşünü desteklemektedir.', '2020-07-16 07:33:26'),
(58, ' Yeni Koronavirüs (COVID-19) kimleri daha fazla etkiler?', 'Koronavirüs yaşlıları, kronik hastalığı olan kişileri, diyabet hastaları, kalp, akciğer, kanser hastalığı olanları ve bağışıklık sistemini baskılayan ilaç kullanan hastaları daha fazla etkilemektedir.', '2020-07-16 07:39:05'),
(59, ' Yeni Koronavirüs (COVID-19) tanısı nasıl konur?', 'Koronavirüs semptomları gösteren kişilerin boğaz ve burun içinden alınan sürüntü örneklerinden PCR testi ile virüs varlığı tespit edilebilir.', '2020-07-16 07:39:47'),
(60, 'Bağışıklık sistemimi baskılayan ilaçları kullanmayı bırakmalı mıyım?', 'İlaçların doktor kontrolü olmadan direk olarak bırakılmasının sonuçları sizin açınızdan çok daha fazla riskli olabilir.Bu nedenle herhangi bir ilaç değişikliğinden önce mutlaka hekiminiz ile irtibata geçiniz.', '2020-07-16 07:41:43'),
(61, ' Virüsden korunmak için maske takmalı mıyım?', 'DSÖ ve Sağlık Bakanlığı toplu ortamlarda mutlaka maske takmanızı önermektedir.', '2020-07-16 07:46:12'),
(62, 'Enfeksiyondan korunmak için ek olarak yapabileceğim başka şeyler var mı?', 'Özellikle bu dönemde daha da özenle dengeli beslenmelisiniz. Gün içerisinde yeterli miktarda su içmelisiniz. Yeterli miktarda uyumalısınız. Uykusuzluğun bağışıklık sistemini baskıladığı çok iyi bilinmektedir. Bulunduğunuz ortamı sık sık havalandırmalısınız. ', '2020-07-16 07:46:38'),
(63, ' Yeni Koronavirüs’e karşı etkili bir aşı var mı?', 'Şu an için virüse karşı etkili olduğu bilinen ve piyasada bulunan bir aşı mevcut değildir. Ancak çeşitli ilaç şirketleri bu konu ile ilgili çok yoğun çalışmalar yapmaktadır. Aşı çalışmalarında son aşamalara gelen bazı kurumlar bu sene içinde aşının piyasaya sürülebileceğini bildirmektedir.', '2020-07-16 07:49:09'),
(65, 'Enfeksiyon belirtilerim olursa ne yapmalıyım? ', 'Ateş, öksürük ve solunum sıkıntısı şikayetleriniz olursa doktorunuza, ALO 184 hattını arayarak size yönlendirdikleri sağlık merkezine veya en yakın sağlık kuruluşuna başvurunuz.', '2020-07-16 07:50:16'),
(66, 'Çocuk hematoloji hastaları için hangi önlemleri almak gerekir?', 'Hematolojik hastalığı olsun olmasın, tüm çocuklarınıza ellerin sabunla nasıl yıkanması gerektiğini gösteriniz. Elini yüzüne, ağızına götürmemesi gerektiğini, hapşırıp öksürürken mendili yok ise dirseğinin içi kısmını kullanması gerektiğini anlatınız. ', '2020-07-16 07:50:45'),
(67, 'COVID-19 için kendim test yaptırabilir miyim?', 'Talep üzerine test analizi yapılamamaktadır. Gerekli görülen hallerde; sizi gören hekim tarafından talep edilmesi halinde test yapılmaktadır.', '2020-07-16 07:51:10'),
(69, 'Koronavirüs testleri ne kadar güvenilirdir?', 'PCR testlerinin klinik duyarlılığı yüzde 66 ile 80 arasında değişmektedir. Bu da, test edilen üç kişiden yaklaşık birinin yanlış negatif sonuç alacağı anlamına gelmektedir.', '2020-07-16 07:51:56'),
(71, 'Salgın döneminde dişçiye gitmek güvenli midir?', 'Acil olmayan ve ertelenmesi mümkün olan tedavilerin mümkün olduğunca salgından sonraya ötelenmesi önerilmektedir.', '2020-07-16 09:06:10'),
(72, 'Covid19 gripten daha mı bulaşıcıdır?', 'Evet, koronavirüsün bulaştırıcılık oranı gripten daha yüksektir. Araştırmaya göre grip olan bir kişi hastalığı ortalama 1,28 kişiye bulaştırırken, yeni koronavirüs hastası bir kişinin ise bu virüsü 2,7 gibi bir oranla diğer insanlara yaydığı görülmüştür.', '2020-07-16 09:06:45'),
(73, 'Birinin covid19 ile enfekte olup olmadığını nasıl anlaşılır?', 'PCR testi ile birinin Covid19 ile enfekte olup olmadığı yüksek hassasiyet oranı ile anlaşılabilir.', '2020-07-16 09:07:24'),
(74, 'Covid19 semptomları nelerdir?', 'Yüksek ateş, kuru öksürük ve nefes almada zorluk, Covid-19\'un ayırt edici özellikleridir. Semptomlar virüsü kaptıktan 2 gün ila 2 hafta arasında bir sürede ortaya çıkabilir, ancak bazı hastalarda hiç semptom görülmediği de bilinmektedir.', '2020-07-16 09:07:52'),
(75, 'Koronavirüs deriden vücuda girebilir mi?', 'Koronavirüs doğrudan deriden veya açık yaradan vücuda girmez. Ancak üzerinde virüs bulunan bir yüzeye veya nesneye dokunduktan sonra elinizi ağzınıza, burnunuza veya gözlerinize dokunursanız virüsün solunum yollarınıza geçişi mümkün olabilmektedir.', '2020-07-16 09:08:34'),
(76, ' Pandemi ne zaman sona erecek?', 'Bu sorunun cevabı tam olarak bilinmemekle birlikte 2021-2022 yılına kadar devam edebileceği öngörülmektedir. Pandeminin daha erken bitmesinin yolu ise etkin bir aşının bulunmasıdır.', '2020-07-16 09:10:00'),
(77, 'Salgın döneminde ailemle bir araya gelebilir miyim?', 'Hiç kimse virüse maruz kalmadığından emin olamaz. Bazı koronavirüs taşıyıcıları hiçbir semptom göstermez ancak virüsü çevresine bulaştırabilirler. Sık sık işe giden veya topluluk içinde bulunan aile bireylerinin, ailedeki diğer yaşlı ve risk grubundaki kişilerle temas etmemesi gerekir.', '2020-07-16 09:10:30'),
(79, 'Koronavirüs açık yaradan bulaşabilir mi?', 'Deri üzerindeki açık bir yaradan koronavirüsün bulaşabileceğine dair bir kanıt bulunamamıştır.', '2020-07-29 12:04:25'),
(80, 'Salgın döneminde kemoterapime ara vermeli miyim?', 'Kemoterapinizin ertelenip ertelenemeyeceğini mutlaka doktorunuz ile görüşünüz.', '2020-07-29 12:47:11'),
(81, 'Propolis koronavirüsten korur mu?', 'Bir kovan ürünü olan propolis zengin polifenol içeriği ile virüs ve bakteri enfeksiyonlarına karşı antimikrobiyal etkilerinin yanı sıra antioksidan ve antienflamatuvar etkileriyle bağışıklık sistemi üzerinde de faydalı olur.', '2020-07-31 16:49:16'),
(84, 'El Hijyeni Nasıl Sağlanır?', 'Ellerde gözle görülür kirlenme varsa en az 20 saniye bol su ve sabunla yıkanır ve kağıt havlu ile kurulanır. Gözle görülür kirlenme yoksa su ve sabun yerine alkol bazlı el antiseptiği ile ovalanarak da el hijyeni sağlanabilir.', '2020-07-31 17:04:11'),
(86, 'Bakım veren personelin Kişisel Koruyucu Ekipmanları nasıl olmalıdır?', 'Doğrulanmış bir vaka veya COVID-19\'den şüphelenilen bir vaka ile 1 metreden yakın temas halinde olan sağlık çalışanları, standart önlemlere ek olarak, temas ve damlacık önlemlerini almalıdır: Tıbbi maske, gözlük veya yüz koruyucu, uzun kollu steril olmayan önlük ve eldiven kullanılmalıdır. El hijyeni sağlanmalıdır.', '2020-07-31 17:09:04'),
(89, 'Genel enfeksiyondan korunma önlemleri nelerdir?', 'El temizliğine dikkat edilmelidir. Eller en az 20 saniye boyunca sabun ve suyla yıkanmalı, sabun ve suyun olmadığı durumlarda alkol bazlı el antiseptikleri kullanılmalıdır. Antiseptik veya antibakteriyel içeren sabun kullanmaya gerek yoktur, normal sabun yeterlidir. Öksürme veya hapşırma sırasında burun ve ağızın tek kullanımlık kağıt mendil ile örtülmesi, kağıt mendilin bulunmadığı durumlarda ise dirsek içinin kullanılması, mümkünse kalabalık yerlere girilmemesi önerilir. En az 1,5 metrelik sosyal mesafeye ve maske takmaya dikkat edilmesi çok önemlidir.', '2020-07-31 18:11:05'),
(90, 'Pişmiş yemekten virüs bulaşır mı?', '60 derecenin üstünde pişirilen yemeklerde virüs bulunma riski kalmamaktadır. Dolayısıyla, pişmiş yemekten virüs bulaşmaz. Ancak, yemek pişirildikten sonra covid-19 hastası biri ile teması sonucu virüs bulaşabilir.', '2020-07-31 18:18:10');

-- --------------------------------------------------------

--
-- Tablo için tablo yapısı `soruEtiket`
--

CREATE TABLE `soruEtiket` (
  `soruetiketID` int(11) NOT NULL,
  `soruID` int(11) NOT NULL,
  `etiketID` int(11) NOT NULL
) ENGINE=InnoDB DEFAULT CHARSET=utf16;

--
-- Tablo döküm verisi `soruEtiket`
--

INSERT INTO `soruEtiket` (`soruetiketID`, `soruID`, `etiketID`) VALUES
(5, 2, 1),
(6, 2, 8),
(7, 3, 1),
(8, 3, 10),
(9, 3, 11),
(10, 5, 1),
(11, 5, 43),
(12, 5, 22),
(13, 6, 368),
(14, 6, 1),
(15, 6, 13),
(16, 6, 19),
(17, 6, 20),
(18, 7, 1),
(19, 7, 32),
(20, 7, 33),
(21, 8, 1),
(23, 8, 252),
(25, 9, 1),
(26, 9, 253),
(27, 7, 373),
(29, 8, 374),
(30, 80, 114),
(31, 8, 2),
(32, 9, 42),
(33, 10, 252),
(34, 10, 49),
(35, 10, 48),
(36, 13, 61),
(37, 13, 62),
(39, 13, 252),
(41, 14, 61),
(42, 14, 66),
(43, 14, 256),
(44, 14, 68),
(45, 14, 11),
(46, 14, 56),
(47, 15, 73),
(48, 15, 74),
(49, 10, 374),
(50, 10, 1),
(51, 15, 13),
(52, 13, 375),
(54, 15, 1),
(55, 15, 19),
(56, 16, 1),
(57, 16, 80),
(58, 16, 13),
(59, 16, 19),
(60, 17, 83),
(61, 17, 85),
(63, 17, 11),
(64, 17, 1),
(65, 13, 64),
(66, 19, 94),
(67, 19, 262),
(68, 13, 1),
(69, 19, 93),
(70, 14, 1),
(71, 15, 75),
(72, 80, 279),
(73, 80, 378),
(74, 80, 379),
(75, 20, 114),
(76, 80, 1),
(77, 20, 56),
(78, 79, 1),
(79, 20, 100),
(80, 20, 241),
(82, 20, 1),
(83, 79, 380),
(84, 79, 381),
(85, 21, 53),
(86, 79, 11),
(87, 21, 373),
(89, 77, 114),
(90, 21, 104),
(91, 77, 1),
(92, 77, 348),
(94, 21, 1),
(96, 26, 120),
(97, 26, 1),
(98, 77, 382),
(99, 26, 121),
(100, 31, 38),
(102, 26, 383),
(104, 76, 114),
(105, 76, 369),
(106, 76, 384),
(107, 76, 1),
(108, 76, 3),
(109, 75, 1),
(110, 75, 342),
(111, 75, 111),
(112, 75, 385),
(113, 75, 11),
(114, 74, 1),
(115, 74, 38),
(116, 74, 2),
(117, 73, 1),
(118, 73, 334),
(119, 73, 51),
(120, 73, 10),
(121, 73, 386),
(122, 73, 14),
(123, 72, 1),
(124, 72, 151),
(125, 72, 44),
(126, 72, 387),
(127, 71, 114),
(128, 71, 1),
(129, 71, 388),
(130, 71, 326),
(131, 71, 389),
(132, 69, 1),
(133, 69, 148),
(134, 69, 373),
(135, 69, 318),
(136, 67, 1),
(137, 67, 390),
(138, 67, 148),
(139, 67, 391),
(140, 66, 120),
(141, 66, 305),
(142, 66, 39),
(143, 66, 93),
(144, 65, 13),
(148, 65, 38),
(149, 28, 1),
(150, 65, 51),
(151, 65, 2),
(152, 28, 392),
(153, 65, 391),
(154, 28, 252),
(155, 28, 140),
(157, 63, 1),
(158, 63, 43),
(159, 63, 58),
(160, 29, 10),
(161, 63, 23),
(162, 29, 386),
(163, 62, 13),
(164, 62, 1),
(165, 62, 64),
(166, 62, 290),
(167, 29, 1),
(168, 29, 145),
(169, 31, 155),
(170, 31, 157),
(171, 31, 64),
(172, 32, 1),
(173, 32, 159),
(174, 32, 160),
(175, 33, 114),
(176, 33, 164),
(177, 33, 56),
(178, 35, 1),
(180, 35, 174),
(181, 35, 176),
(182, 36, 178),
(183, 36, 179),
(184, 36, 1),
(186, 37, 1),
(187, 37, 183),
(188, 37, 184),
(190, 62, 93),
(191, 38, 185),
(192, 61, 1),
(193, 38, 188),
(194, 38, 187),
(196, 38, 186),
(197, 38, 10),
(198, 61, 64),
(199, 61, 157),
(200, 50, 1),
(201, 61, 284),
(202, 50, 237),
(203, 60, 185),
(204, 50, 238),
(205, 60, 186),
(206, 50, 393),
(207, 60, 394),
(208, 52, 1),
(209, 60, 22),
(210, 52, 240),
(211, 60, 379),
(212, 60, 160),
(213, 52, 241),
(214, 52, 242),
(215, 66, 1),
(217, 65, 1),
(218, 54, 1),
(219, 54, 247),
(220, 54, 248),
(221, 60, 1),
(223, 59, 1),
(224, 59, 14),
(225, 58, 1),
(226, 59, 10),
(227, 58, 45),
(228, 58, 253),
(230, 58, 42),
(232, 50, 23),
(233, 37, 64),
(234, 36, 393),
(236, 37, 64),
(237, 20, 398),
(238, 33, 398),
(239, 71, 398),
(240, 76, 398),
(241, 77, 398),
(242, 80, 398),
(243, 26, 38),
(244, 26, 396),
(245, 31, 396),
(246, 65, 396),
(247, 74, 396),
(248, 81, 1),
(249, 81, 399),
(250, 81, 64),
(252, 84, 400),
(253, 84, 401),
(254, 84, 10),
(255, 86, 402),
(256, 86, 403),
(258, 86, 405),
(259, 86, 10),
(260, 86, 406),
(261, 86, 64),
(265, 89, 1),
(266, 89, 93),
(267, 89, 64),
(268, 89, 13),
(269, 90, 254),
(270, 90, 408),
(271, 90, 11);

--
-- Dökümü yapılmış tablolar için indeksler
--

--
-- Tablo için indeksler `covidTableData`
--
ALTER TABLE `covidTableData`
  ADD PRIMARY KEY (`covidID`);

--
-- Tablo için indeksler `etiketler`
--
ALTER TABLE `etiketler`
  ADD PRIMARY KEY (`etiketID`);

--
-- Tablo için indeksler `logUser`
--
ALTER TABLE `logUser`
  ADD PRIMARY KEY (`logID`);

--
-- Tablo için indeksler `soruCevap`
--
ALTER TABLE `soruCevap`
  ADD PRIMARY KEY (`soruID`);

--
-- Tablo için indeksler `soruEtiket`
--
ALTER TABLE `soruEtiket`
  ADD PRIMARY KEY (`soruetiketID`),
  ADD KEY `soruID` (`soruID`),
  ADD KEY `etiketID` (`etiketID`);

--
-- Dökümü yapılmış tablolar için AUTO_INCREMENT değeri
--

--
-- Tablo için AUTO_INCREMENT değeri `covidTableData`
--
ALTER TABLE `covidTableData`
  MODIFY `covidID` int(11) NOT NULL AUTO_INCREMENT, AUTO_INCREMENT=215;

--
-- Tablo için AUTO_INCREMENT değeri `etiketler`
--
ALTER TABLE `etiketler`
  MODIFY `etiketID` int(11) NOT NULL AUTO_INCREMENT, AUTO_INCREMENT=409;

--
-- Tablo için AUTO_INCREMENT değeri `logUser`
--
ALTER TABLE `logUser`
  MODIFY `logID` int(11) NOT NULL AUTO_INCREMENT, AUTO_INCREMENT=153;

--
-- Tablo için AUTO_INCREMENT değeri `soruCevap`
--
ALTER TABLE `soruCevap`
  MODIFY `soruID` int(11) NOT NULL AUTO_INCREMENT, AUTO_INCREMENT=91;

--
-- Tablo için AUTO_INCREMENT değeri `soruEtiket`
--
ALTER TABLE `soruEtiket`
  MODIFY `soruetiketID` int(11) NOT NULL AUTO_INCREMENT, AUTO_INCREMENT=272;

--
-- Dökümü yapılmış tablolar için kısıtlamalar
--

--
-- Tablo kısıtlamaları `soruEtiket`
--
ALTER TABLE `soruEtiket`
  ADD CONSTRAINT `soruEtiket_ibfk_1` FOREIGN KEY (`etiketID`) REFERENCES `etiketler` (`etiketID`),
  ADD CONSTRAINT `soruEtiket_ibfk_2` FOREIGN KEY (`soruID`) REFERENCES `soruCevap` (`soruID`);
COMMIT;

/*!40101 SET CHARACTER_SET_CLIENT=@OLD_CHARACTER_SET_CLIENT */;
/*!40101 SET CHARACTER_SET_RESULTS=@OLD_CHARACTER_SET_RESULTS */;
/*!40101 SET COLLATION_CONNECTION=@OLD_COLLATION_CONNECTION */;
